Scenario,KeyType,Metric,Run1,Run2,Run3,Run4,Run5,RecordCount,Connections
read_performance,SEQUENTIAL,read_throughput,77.54,66.83,74.92,75.96,78.30,50000000,1
read_performance,SEQUENTIAL,p50_latency_us,13281.00,14402.00,13424.00,13181.00,12749.00,50000000,1
read_performance,SEQUENTIAL,p95_latency_us,21526.00,29887.00,22570.00,22133.00,21805.00,50000000,1
read_performance,SEQUENTIAL,p99_latency_us,25631.00,36598.00,30781.00,29843.00,30645.00,50000000,1
read_performance,SEQUENTIAL,t_insert_s,914.63,900.37,915.49,905.21,917.30,50000000,1
read_performance,SEQUENTIAL,t_fetch_s,0.00,0.00,0.00,0.00,0.00,50000000,1
read_performance,SEQUENTIAL,insert_failed,8700.00,7900.00,10400.00,7200.00,7700.00,50000000,1
read_performance,SEQUENTIAL,attempted,99982.00,99984.00,99980.00,99983.00,99990.00,50000000,1
read_performance,SEQUENTIAL,succeeded,99982.00,99984.00,99980.00,99983.00,99990.00,50000000,1
read_performance,SEQUENTIAL,failed,0.00,0.00,0.00,0.00,0.00,50000000,1
read_performance,SEQUENTIAL,not_found,0.00,0.00,0.00,0.00,0.00,50000000,1
read_performance,SEQUENTIAL,cache_hit_ratio,0.18,0.20,0.21,0.18,0.21,50000000,1
read_performance,SEQUENTIAL,index_hit_ratio,0.18,0.20,0.21,0.18,0.21,50000000,1
read_performance,SEQUENTIAL,sstable_count,12.00,21.00,25.00,13.00,32.00,50000000,1
read_performance,SEQUENTIAL,bloom_filter_fp,0.00,0.00,0.00,0.00,0.00,50000000,1
read_performance,SEQUENTIAL,fragmentation,2.90,2.82,2.80,1.07,0.00,50000000,1
read_performance,SEQUENTIAL,table_size_mb,4010.06,4021.72,4027.76,4012.02,4034.10,50000000,1
read_performance,SEQUENTIAL,read_iops,116.91,119.16,121.03,119.29,126.16,50000000,1
read_performance,SEQUENTIAL,write_iops,0.18,0.08,2.66,1.16,2.04,50000000,1
read_performance,SEQUENTIAL,read_throughput_mb,1.13,1.13,1.61,1.14,1.56,50000000,1
read_performance,SEQUENTIAL,write_throughput_mb,0.00,0.00,0.50,0.01,0.42,50000000,1
read_performance,SEQUENTIAL,io_valid,1.00,1.00,1.00,1.00,1.00,50000000,1
read_performance,UUIDV4,read_throughput,28.54,21.10,21.32,20.50,23.64,50000000,1
read_performance,UUIDV4,p50_latency_us,34648.00,49219.00,48156.00,48334.00,40095.00,50000000,1
read_performance,UUIDV4,p95_latency_us,64558.00,86196.00,86412.00,89776.00,87335.00,50000000,1
read_performance,UUIDV4,p99_latency_us,78981.00,101106.00,102821.00,104749.00,107752.00,50000000,1
read_performance,UUIDV4,t_insert_s,947.28,933.88,959.93,939.94,933.61,50000000,1
read_performance,UUIDV4,t_fetch_s,0.00,0.00,0.00,0.00,0.00,50000000,1
read_performance,UUIDV4,insert_failed,13400.00,6400.00,11800.00,12900.00,12600.00,50000000,1
read_performance,UUIDV4,attempted,99982.00,99992.00,99977.00,99979.00,99971.00,50000000,1
read_performance,UUIDV4,succeeded,99982.00,99992.00,99977.00,99979.00,99971.00,50000000,1
read_performance,UUIDV4,failed,0.00,0.00,0.00,0.00,0.00,50000000,1
read_performance,UUIDV4,not_found,0.00,0.00,0.00,0.00,0.00,50000000,1
read_performance,UUIDV4,cache_hit_ratio,0.47,0.42,0.46,0.45,0.47,50000000,1
read_performance,UUIDV4,index_hit_ratio,0.47,0.42,0.46,0.45,0.47,50000000,1
read_performance,UUIDV4,sstable_count,27.00,26.00,15.00,38.00,22.00,50000000,1
read_performance,UUIDV4,bloom_filter_fp,0.00,0.00,104.00,0.00,74.00,50000000,1
read_performance,UUIDV4,fragmentation,5.41,0.00,0.00,7.08,1.75,50000000,1
read_performance,UUIDV4,table_size_mb,4753.33,4747.90,4738.43,4736.07,4741.84,50000000,1
read_performance,UUIDV4,read_iops,144.32,142.95,137.81,135.11,132.57,50000000,1
read_performance,UUIDV4,write_iops,1.07,0.90,0.61,2.22,3.08,50000000,1
read_performance,UUIDV4,read_throughput_mb,1.77,1.73,1.45,1.48,1.65,50000000,1
read_performance,UUIDV4,write_throughput_mb,0.33,0.34,0.06,0.17,0.41,50000000,1
read_performance,UUIDV4,io_valid,1.00,1.00,1.00,1.00,1.00,50000000,1
read_performance,UUIDV7,read_throughput,73.68,62.56,82.65,59.48,58.18,50000000,1
read_performance,UUIDV7,p50_latency_us,13530.00,15191.00,11742.00,15842.00,16128.00,50000000,1
read_performance,UUIDV7,p95_latency_us,22424.00,31205.00,22164.00,32167.00,33698.00,50000000,1
read_performance,UUIDV7,p99_latency_us,33287.00,36828.00,31019.00,38768.00,41138.00,50000000,1
read_performance,UUIDV7,t_insert_s,937.02,937.69,917.39,938.33,935.51,50000000,1
read_performance,UUIDV7,t_fetch_s,0.00,0.00,0.00,0.00,0.00,50000000,1
read_performance,UUIDV7,insert_failed,16500.00,10600.00,9200.00,9800.00,11900.00,50000000,1
read_performance,UUIDV7,attempted,99962.00,99983.00,99981.00,99987.00,99978.00,50000000,1
read_performance,UUIDV7,succeeded,99962.00,99983.00,99981.00,99987.00,99978.00,50000000,1
read_performance,UUIDV7,failed,0.00,0.00,0.00,0.00,0.00,50000000,1
read_performance,UUIDV7,not_found,0.00,0.00,0.00,0.00,0.00,50000000,1
read_performance,UUIDV7,cache_hit_ratio,0.20,0.23,0.21,0.24,0.28,50000000,1
read_performance,UUIDV7,index_hit_ratio,0.20,0.23,0.21,0.24,0.28,50000000,1
read_performance,UUIDV7,sstable_count,29.00,25.00,27.00,16.00,22.00,50000000,1
read_performance,UUIDV7,bloom_filter_fp,0.00,0.00,0.00,0.00,0.00,50000000,1
read_performance,UUIDV7,fragmentation,1.57,0.00,1.31,2.60,1.83,50000000,1
read_performance,UUIDV7,table_size_mb,4500.49,4493.66,4498.07,4488.95,4494.10,50000000,1
read_performance,UUIDV7,read_iops,123.72,126.58,141.76,134.62,129.38,50000000,1
read_performance,UUIDV7,write_iops,2.08,1.07,4.17,1.70,3.21,50000000,1
read_performance,UUIDV7,read_throughput_mb,1.89,1.31,2.06,1.91,1.99,50000000,1
read_performance,UUIDV7,write_throughput_mb,0.71,0.00,0.69,0.57,0.70,50000000,1
read_performance,UUIDV7,io_valid,1.00,1.00,1.00,1.00,1.00,50000000,1
read_performance,ULID,read_throughput,68.28,79.69,74.77,64.03,65.33,50000000,1
read_performance,ULID,p50_latency_us,14387.00,12679.00,13269.00,15032.00,15035.00,50000000,1
read_performance,ULID,p95_latency_us,26342.00,20897.00,22017.00,29735.00,28125.00,50000000,1
read_performance,ULID,p99_latency_us,34061.00,28581.00,30368.00,36298.00,36341.00,50000000,1
read_performance,ULID,t_insert_s,934.28,937.48,936.16,941.52,914.83,50000000,1
read_performance,ULID,t_fetch_s,0.00,0.00,0.00,0.00,0.00,50000000,1
read_performance,ULID,insert_failed,9600.00,7500.00,6800.00,9700.00,7000.00,50000000,1
read_performance,ULID,attempted,99978.00,99992.00,99987.00,99984.00,99982.00,50000000,1
read_performance,ULID,succeeded,99978.00,99992.00,99987.00,99984.00,99982.00,50000000,1
read_performance,ULID,failed,0.00,0.00,0.00,0.00,0.00,50000000,1
read_performance,ULID,not_found,0.00,0.00,0.00,0.00,0.00,50000000,1
read_performance,ULID,cache_hit_ratio,0.18,0.21,0.23,0.20,0.25,50000000,1
read_performance,ULID,index_hit_ratio,0.18,0.21,0.23,0.20,0.25,50000000,1
read_performance,ULID,sstable_count,9.00,23.00,18.00,14.00,20.00,50000000,1
read_performance,ULID,bloom_filter_fp,0.00,0.00,0.00,0.00,0.00,50000000,1
read_performance,ULID,fragmentation,0.00,1.06,1.77,0.00,2.28,50000000,1
read_performance,ULID,table_size_mb,4486.73,4497.32,4495.66,4492.74,4512.68,50000000,1
read_performance,ULID,read_iops,124.81,133.35,129.15,126.43,134.38,50000000,1
read_performance,ULID,write_iops,3.22,2.12,4.10,1.72,4.90,50000000,1
read_performance,ULID,read_throughput_mb,1.28,1.87,2.42,1.28,2.14,50000000,1
read_performance,ULID,write_throughput_mb,0.01,0.58,1.22,0.01,0.85,50000000,1
read_performance,ULID,io_valid,1.00,1.00,1.00,1.00,1.00,50000000,1
read_performance,ULID_MONOTONIC,read_throughput,59.17,72.68,76.29,65.20,57.03,50000000,1
read_performance,ULID_MONOTONIC,p50_latency_us,16741.00,13190.00,12401.00,14367.00,16439.00,50000000,1
read_performance,ULID_MONOTONIC,p95_latency_us,31060.00,24215.00,25043.00,29133.00,34339.00,50000000,1
read_performance,ULID_MONOTONIC,p99_latency_us,36922.00,34631.00,32111.00,35935.00,42453.00,50000000,1
read_performance,ULID_MONOTONIC,t_insert_s,953.63,943.74,927.06,931.08,931.67,50000000,1
read_performance,ULID_MONOTONIC,t_fetch_s,0.00,0.00,0.00,0.00,0.00,50000000,1
read_performance,ULID_MONOTONIC,insert_failed,10200.00,11300.00,8000.00,10600.00,5300.00,50000000,1
read_performance,ULID_MONOTONIC,attempted,99989.00,99974.00,99986.00,99980.00,99994.00,50000000,1
read_performance,ULID_MONOTONIC,succeeded,99989.00,99974.00,99986.00,99980.00,99994.00,50000000,1
read_performance,ULID_MONOTONIC,failed,0.00,0.00,0.00,0.00,0.00,50000000,1
read_performance,ULID_MONOTONIC,not_found,0.00,0.00,0.00,0.00,0.00,50000000,1
read_performance,ULID_MONOTONIC,cache_hit_ratio,0.26,0.21,0.25,0.25,0.25,50000000,1
read_performance,ULID_MONOTONIC,index_hit_ratio,0.26,0.21,0.25,0.25,0.25,50000000,1
read_performance,ULID_MONOTONIC,sstable_count,17.00,24.00,23.00,17.00,18.00,50000000,1
read_performance,ULID_MONOTONIC,bloom_filter_fp,0.00,0.00,0.00,0.00,0.00,50000000,1
read_performance,ULID_MONOTONIC,fragmentation,1.32,2.60,4.83,1.06,1.77,50000000,1
read_performance,ULID_MONOTONIC,table_size_mb,4500.66,4500.52,4505.16,4500.60,4499.94,50000000,1
read_performance,ULID_MONOTONIC,read_iops,130.78,133.02,153.39,133.77,128.65,50000000,1
read_performance,ULID_MONOTONIC,write_iops,0.31,1.42,1.40,1.34,1.69,50000000,1
read_performance,ULID_MONOTONIC,read_throughput_mb,1.33,1.93,2.10,1.96,1.94,50000000,1
read_performance,ULID_MONOTONIC,write_throughput_mb,0.00,0.62,0.56,0.69,0.68,50000000,1
read_performance,ULID_MONOTONIC,io_valid,1.00,1.00,1.00,1.00,1.00,50000000,1
read_performance,UUIDV1,read_throughput,67.26,58.06,58.29,76.97,74.53,50000000,1
read_performance,UUIDV1,p50_latency_us,14453.00,16458.00,16442.00,13399.00,12823.00,50000000,1
read_performance,UUIDV1,p95_latency_us,28714.00,33426.00,33054.00,21439.00,25743.00,50000000,1
read_performance,UUIDV1,p99_latency_us,35369.00,38744.00,38521.00,25955.00,35248.00,50000000,1
read_performance,UUIDV1,t_insert_s,906.28,928.68,926.77,928.50,899.58,50000000,1
read_performance,UUIDV1,t_fetch_s,0.00,0.00,0.00,0.00,0.00,50000000,1
read_performance,UUIDV1,insert_failed,9500.00,9100.00,7900.00,11300.00,6000.00,50000000,1
read_performance,UUIDV1,attempted,99981.00,99977.00,99978.00,99975.00,99993.00,50000000,1
read_performance,UUIDV1,succeeded,99981.00,99977.00,99978.00,99975.00,99993.00,50000000,1
read_performance,UUIDV1,failed,0.00,0.00,0.00,0.00,0.00,50000000,1
read_performance,UUIDV1,not_found,0.00,0.00,0.00,0.00,0.00,50000000,1
read_performance,UUIDV1,cache_hit_ratio,0.20,0.24,0.27,0.19,0.21,50000000,1
read_performance,UUIDV1,index_hit_ratio,0.20,0.24,0.27,0.19,0.21,50000000,1
read_performance,UUIDV1,sstable_count,17.00,31.00,38.00,32.00,26.00,50000000,1
read_performance,UUIDV1,bloom_filter_fp,0.00,0.00,0.00,0.00,0.00,50000000,1
read_performance,UUIDV1,fragmentation,1.79,3.90,5.37,4.89,1.07,50000000,1
read_performance,UUIDV1,table_size_mb,4104.68,4122.12,4131.04,4128.92,4122.85,50000000,1
read_performance,UUIDV1,read_iops,120.52,123.46,124.37,119.66,129.36,50000000,1
read_performance,UUIDV1,write_iops,1.11,0.71,1.61,0.88,1.32,50000000,1
read_performance,UUIDV1,read_throughput_mb,1.18,1.21,1.29,1.24,1.81,50000000,1
read_performance,UUIDV1,write_throughput_mb,0.00,0.00,0.07,0.12,0.60,50000000,1
read_performance,UUIDV1,io_valid,1.00,1.00,1.00,1.00,1.00,50000000,1
